-- 测试数据插入脚本
-- 插入学院数据
INSERT INTO huyl_faculty10 (hyl_fno10, hyl_fname10, hyl_fdesc10, hyl_festablished10) VALUES
(800001, '计算机学院', '培养计算机科学与技术专业人才', '2000-09-01'),
(800002, '数学学院', '培养数学与应用数学专业人才', '1995-09-01'),
(800003, '物理学院', '培养物理学专业人才', '1998-09-01'),
(800004, '化学学院', '培养化学专业人才', '1996-09-01'),
(800005, '文学院', '培养汉语言文学专业人才', '1990-09-01');

-- 插入教师数据
INSERT INTO huyl_teacher10 (hyl_tno10, hyl_tage10, hyl_tname10, hyl_tbirth10, hyl_ttitle10, hyl_tsex10, hyl_temail10, hyl_toffice10, hyl_tphone10, hyl_fno10) VALUES
(700001, 45, '张教授', '1978-05-15', '教授', '男', 'zhang@university.edu', 'A楼301室', '13800138001', 800001),
(700002, 38, '李副教授', '1985-03-20', '副教授', '女', 'li@university.edu', 'A楼302室', '13800138002', 800001),
(700003, 32, '王讲师', '1991-08-10', '讲师', '男', 'wang@university.edu', 'A楼303室', '13800138003', 800002),
(700004, 28, '陈助教', '1995-12-25', '助教', '女', 'chen@university.edu', 'A楼304室', '13800138004', 800002);

-- 插入专业数据
INSERT INTO huyl_major10 (hyl_mno10, hyl_mname10, hyl_mdegree10, hyl_myears10, hyl_fno10) VALUES
(200001, '计算机科学与技术', '本科', 4, 800001),
(200002, '软件工程', '本科', 4, 800001),
(200003, '数学与应用数学', '本科', 4, 800002),
(200004, '物理学', '本科', 4, 800003),
(200005, '化学', '本科', 4, 800004),
(200006, '汉语言文学', '本科', 4, 800005);

-- 插入行政班数据
INSERT INTO huyl_aclass10 (hyl_acno10, hyl_acname10, hyl_acyear10, hyl_acmaxstu10, hyl_mno10) VALUES
(300001, '计算机科学与技术2024级1班', 2024, 30, 200001),
(300002, '计算机科学与技术2024级2班', 2024, 30, 200001),
(300003, '软件工程2024级1班', 2024, 30, 200002),
(300004, '数学与应用数学2024级1班', 2024, 30, 200003),
(300005, '物理学2024级1班', 2024, 30, 200004),
(300006, '化学2024级1班', 2024, 30, 200005),
(300007, '汉语言文学2024级1班', 2024, 30, 200006);

-- 插入学生数据
INSERT INTO huyl_student10 (hyl_sno10, hyl_sage10, hyl_sname10, hyl_sbirth10, hyl_splace10, hyl_ssex10, hyl_screditsum10, hyl_semail10, hyl_sphone10, hyl_sstatus10, hyl_sgpa10, hyl_srank10, hyl_mno10, hyl_acno10) VALUES
(600001, 20, '张三', '2004-03-15', '北京市', '男', 0.0, 'zhangsan@student.edu', '13900139001', '在读', 0.000, 0, 200001, 300001),
(600002, 19, '李四', '2005-07-22', '上海市', '女', 0.0, 'lisi@student.edu', '13900139002', '在读', 0.000, 0, 200001, 300001),
(600003, 20, '王五', '2004-11-08', '广州市', '男', 0.0, 'wangwu@student.edu', '13900139003', '在读', 0.000, 0, 200002, 300003),
(600004, 19, '赵六', '2005-01-30', '深圳市', '女', 0.0, 'zhaoliu@student.edu', '13900139004', '在读', 0.000, 0, 200003, 300004),
(600005, 20, '孙七', '2004-09-12', '杭州市', '男', 0.0, 'sunqi@student.edu', '13900139005', '在读', 0.000, 0, 200004, 300005),
(600006, 19, '周八', '2005-05-18', '北京市', '女', 0.0, 'zhouba@student.edu', '13900139006', '在读', 0.000, 0, 200001, 300002),
(600007, 20, '吴九', '2004-12-03', '上海市', '男', 0.0, 'wujiu@student.edu', '13900139007', '在读', 0.000, 0, 200002, 300003),
(600008, 19, '郑十', '2005-02-14', '南京市', '女', 0.0, 'zhengshi@student.edu', '13900139008', '在读', 0.000, 0, 200003, 300004),
(600009, 20, '钱十一', '2004-08-25', '武汉市', '男', 0.0, 'qianshiyi@student.edu', '13900139009', '在读', 0.000, 0, 200004, 300005),
(600010, 19, '孙十二', '2005-04-07', '成都市', '女', 0.0, 'sunshier@student.edu', '13900139010', '在读', 0.000, 0, 200005, 300006),
(600011, 20, '李十三', '2004-10-20', '西安市', '男', 0.0, 'lishisan@student.edu', '13900139011', '在读', 0.000, 0, 200006, 300007),
(600012, 19, '王十四', '2005-06-12', '重庆市', '女', 0.0, 'wangshisi@student.edu', '13900139012', '在读', 0.000, 0, 200001, 300001),
(600013, 20, '张十五', '2004-11-30', '天津市', '男', 0.0, 'zhangshiwu@student.edu', '13900139013', '在读', 0.000, 0, 200002, 300003),
(600014, 19, '刘十六', '2005-03-08', '青岛市', '女', 0.0, 'liushiliu@student.edu', '13900139014', '在读', 0.000, 0, 200003, 300004),
(600015, 20, '陈十七', '2004-07-15', '大连市', '男', 0.0, 'chenshiqi@student.edu', '13900139015', '在读', 0.000, 0, 200004, 300005);

-- 插入课程数据
INSERT INTO huyl_course10 (hyl_cno10, hyl_cname10, hyl_ccredit10, hyl_chour10, hyl_ctest10, hyl_ctype10, hyl_cprereq10, hyl_cdesc10) VALUES
(400001, '高等数学', 4.0, 64, '考试', '必修课', NULL, '大学数学基础课程'),
(400002, '线性代数', 3.0, 48, '考试', '必修课', NULL, '线性代数基础课程'),
(400003, '程序设计基础', 4.0, 64, '考试', '必修课', NULL, '计算机编程入门课程'),
(400004, '数据结构', 4.0, 64, '考试', '必修课', '程序设计基础', '数据结构与算法课程'),
(400005, '数据库原理', 3.0, 48, '考试', '必修课', '程序设计基础', '数据库系统原理课程'),
(400006, '计算机网络', 3.0, 48, '考试', '必修课', '程序设计基础', '计算机网络基础课程'),
(400007, '大学英语', 4.0, 64, '考试', '通识课', NULL, '大学英语基础课程'),
(400008, '马克思主义基本原理', 3.0, 48, '考查', '通识课', NULL, '思想政治理论课程');

-- 插入教学班数据
INSERT INTO huyl_tclass10 (hyl_tcno10, hyl_tcname10, hyl_tcyear10, hyl_tcterm10, hyl_tcrepeat10, hyl_tcbatch10, hyl_tcmaxstu10, hyl_tccurstu10, hyl_cno10, hyl_tno10) VALUES
(500001, '高等数学A班', 2024, 1, '非重修班', '01', 50, 0, 400001, 700003),
(500002, '线性代数A班', 2024, 1, '非重修班', '01', 50, 0, 400002, 700004),
(500003, '程序设计基础A班', 2024, 1, '非重修班', '01', 50, 0, 400003, 700001),
(500004, '数据结构A班', 2024, 2, '非重修班', '01', 50, 0, 400004, 700002),
(500005, '数据库原理A班', 2024, 2, '非重修班', '01', 50, 0, 400005, 700001),
(500006, '计算机网络A班', 2024, 2, '非重修班', '01', 50, 0, 400006, 700002),
(500007, '大学英语A班', 2024, 1, '非重修班', '01', 50, 0, 400007, 700007),
(500008, '马克思主义基本原理A班', 2024, 1, '非重修班', '01', 50, 0, 400008, 700008);

-- 插入上课时间地点数据
INSERT INTO huyl_venue10 (hyl_tplace10, hyl_tstime10, hyl_tetime10, hyl_tweekday10, hyl_tweeks10, hyl_tcno10) VALUES
('A楼101教室', '08:00:00', '09:40:00', 1, '1-16周', 500001),
('A楼102教室', '10:00:00', '11:40:00', 1, '1-16周', 500002),
('A楼103教室', '14:00:00', '15:40:00', 2, '1-16周', 500003),
('A楼104教室', '16:00:00', '17:40:00', 2, '1-16周', 500004),
('B楼101教室', '08:00:00', '09:40:00', 3, '1-16周', 500005),
('B楼102教室', '10:00:00', '11:40:00', 3, '1-16周', 500006),
('C楼101教室', '14:00:00', '15:40:00', 4, '1-16周', 500007),
('C楼102教室', '16:00:00', '17:40:00', 4, '1-16周', 500008);

-- 插入选课数据
INSERT INTO huyl_enroll10 (hyl_escore10, hyl_egpa10, hyl_open10, hyl_status10, hyl_tcno10, hyl_sno10) VALUES
(85, 3.5, true, '正常', 500001, 600001),
(92, 4.2, true, '正常', 500002, 600001),
(78, 3.5, true, '正常', 500003, 600001),
(88, 4.2, true, '正常', 500001, 600002),
(95, 4.8, true, '正常', 500002, 600002),
(82, 3.8, true, '正常', 500003, 600002),
(90, 4.3, true, '正常', 500001, 600003),
(87, 4.1, true, '正常', 500002, 600003),
(76, 3.4, true, '正常', 500003, 600003),
(93, 4.6, true, '正常', 500001, 600004),
(89, 4.2, true, '正常', 500002, 600004),
(84, 3.9, true, '正常', 500003, 600004),
(91, 4.4, true, '正常', 500001, 600005),
(86, 4.0, true, '正常', 500002, 600005),
(79, 3.6, true, '正常', 500003, 600005);

-- 插入培养方案数据
INSERT INTO huyl_cultivate10 (hyl_mno10, hyl_cno10, hyl_cterm10, hyl_cmandatory10) VALUES
(200001, 400001, 1, true),
(200001, 400002, 1, true),
(200001, 400003, 1, true),
(200001, 400004, 2, true),
(200001, 400005, 2, true),
(200001, 400006, 2, true),
(200001, 400007, 1, true),
(200001, 400008, 1, true),
(200002, 400001, 1, true),
(200002, 400002, 1, true),
(200002, 400003, 1, true),
(200002, 400004, 2, true),
(200002, 400005, 2, true),
(200002, 400006, 2, true),
(200002, 400007, 1, true),
(200002, 400008, 1, true); 